城市,老龄人口数,设施总数,原始压力值(raw),适老化服务压力指数
普陀区,242618,14,16174.53333,100
成都市,3764087,413,9091.997585,99.79511293
和平区,112437,14,7495.8,92.55922738
哈尔滨市,2347081,418,5601.625298,81.64173134
绥化市,1046844,200,5208.179104,78.91225363
南阳市,2122825,408,5190.281174,78.78323534
青岛市,2042545,396,5144.949622,78.45445964
临沂市,2162905,425,5077.241784,77.95796233
苏州市,2162705,445,4849.11435,76.23499444
广州市,2130628,439,4842.336364,76.18257132
南通市,2318718,484,4780.861856,75.70372974
周口市,1824527,384,4739.031169,75.37436655
石家庄市,1919538,411,4659.072816,74.73662866
西安市,2075275,449,4611.722222,74.35378707
保定市,1827264,397,4591.115578,74.18594825
齐齐哈尔市,1138551,247,4590.931452,74.18444517
大连市,1769375,388,4548.521851,73.83662671
武汉市,2013707,453,4435.477974,72.893426
杭州市,2103300,474,4428,72.83018737
长春市,1591112,363,4371.186813,72.34622175
济南市,1837100,421,4353.317536,72.19270073
潍坊市,2043071,470,4337.730361,72.05827068
郑州市,1754197,409,4278.529268,71.54325844
菏泽市,1611416,389,4131.835897,70.23577269
烟台市,1823823,449,4052.94,69.51324328
南京市,1768047,436,4045.874142,69.44784942
济宁市,1630791,410,3967.861314,68.71816189
宁波市,1702600,430,3950.348028,68.55238185
毕节市,1132700,292,3865.870307,67.74225717
盐城市,1833073,478,3826.874739,67.36230817
邯郸市,1614499,427,3772.193925,66.82296104
徐州市,1772246,470,3762.730361,66.72882381
黄冈市,1332027,355,3741.648876,66.5182655
沈阳市,2107889,567,3711.072183,66.21075346
玉林市,1119400,302,3694.389439,66.04190412
驻马店市,1470313,398,3684.994987,65.94648522
温州市,1579700,428,3682.284382,65.91890854
贵港市,800200,226,3525.110132,64.28415611
唐山市,1760494,503,3493.043651,63.94169736
邵阳市,1361704,391,3473.734694,63.73396515
喀什地区,621500,179,3452.777778,63.50719323
怀化市,863093,249,3452.372,63.5027888
赣州市,1551948,458,3381.150327,62.72159867
衡阳市,1370957,407,3360.188725,62.48854742
合肥市,1429844,425,3356.441315,62.44673058
长沙市,1615349,484,3330.616495,62.15727957
昭通市,819300,248,3290.361446,61.70158593
佛山市,1629049,498,3264.627255,61.40734107
吉林市,934556,286,3256.292683,61.31154625
南宁市,1308400,408,3199.022005,60.64659113
张家口市,1032198,323,3185.796296,60.49133972
洛阳市,1337161,419,3183.716667,60.46686915
邢台市,1309866,411,3179.286408,60.4146859
桂林市,972100,313,3095.859873,59.41820702
达州市,1105000,356,3095.238095,59.41067992
聊城市,1128524,366,3074.997275,59.16482
阜阳市,1384205,451,3062.400442,59.01099151
荆州市,1112426,363,3056.115385,58.9340037
孝感市,904085,296,3044.057239,58.78585523
和田地区,343100,112,3036.283186,58.6900305
鞍山市,855285,281,3032.925532,58.64856744
沧州市,1439959,474,3031.492632,58.63085884
襄阳市,1095531,362,3017.991736,58.46359504
无锡市,1473752,488,3013.807771,58.41160768
六安市,934079,310,3003.469453,58.2828401
钦州市,599600,199,2998,58.2145367
文山壮族苗族自治州,569000,189,2994.736842,58.17372652
茂名市,1250900,417,2992.583732,58.14677463
资阳市,589200,198,2960.80402,57.74669669
红河哈尼族彝族自治州,668603,225,2958.420354,57.71651563
凉山彝族自治州,604400,204,2948.292683,57.58801132
德州市,1163199,395,2937.371212,57.44893949
商丘市,1382228,470,2934.666667,57.41442049
泉州市,1392291,474,2931.138947,57.36934724
渭南市,1101401,376,2921.488064,57.24576137
台州市,1295900,446,2899.105145,56.9575554
南充市,1154000,398,2892.230576,56.86859074
东莞市,1370300,475,2878.781513,56.69393175
恩施土家族苗族自治州,710212,246,2875.352227,56.64926612
福州市,1240544,436,2838.773455,56.16949529
上饶市,1283411,452,2833.136865,56.09501615
天水市,700048,247,2822.774194,55.95770156
泰安市,1207171,427,2820.492991,55.92740593
廊坊市,920699,327,2807.009146,55.74783123
曲靖市,991200,353,2800,55.65414413
永州市,900870,321,2797.732919,55.62379123
昆明市,1207000,434,2774.712644,55.31418344
新乡市,1089030,397,2736.256281,54.7911972
松原市,522214,191,2719.864583,54.56604164
四平市,456581,167,2717.744048,54.53681502
陇南市,489987,181,2692.236264,54.18345265
常德市,1212240,450,2687.89357,54.12295957
绍兴市,1190900,444,2676.179775,53.95929968
宜春市,1049988,393,2664.944162,53.8016465
泰州市,1274855,478,2661.492693,53.75308358
丹东市,585844,220,2650.877828,53.60333462
宜昌市,855104,323,2639.209877,53.43803615
天门市,390107,147,2635.858108,53.39041696
梧州市,561300,212,2635.211268,53.38122022
定西市,490032,185,2634.580645,53.37225188
百色市,603200,228,2634.061135,53.36486211
金华市,1129200,428,2632.167832,53.33791848
赤峰市,849600,322,2630.340557,53.31189613
衡水市,919688,355,2583.393258,52.63704576
揭阳市,1015400,393,2577.15736,52.54648596
信阳市,1158191,452,2556.713024,52.24804267
嘉兴市,1042600,407,2555.392157,52.22867889
湘西土家族苗族自治州,570218,223,2545.616071,52.08505066
岳阳市,1128698,445,2530.713004,51.86503346
宿州市,966564,383,2517.09375,51.6628339
扬州市,1186001,474,2496.844211,51.36016631
随州市,472105,189,2484.763158,51.17842135
黔东南苗族侗族自治州,750200,301,2484.10596,51.16850929
益阳市,793577,320,2472.202492,50.98852219
承德市,737794,299,2459.313333,50.79265143
武威市,390134,158,2453.672956,50.70661416
南昌市,1105197,452,2439.728477,50.49305622
湛江市,1168550,478,2439.561587,50.49049293
铁岭市,669680,274,2435.2,50.42344064
安庆市,895536,370,2413.843666,50.09337911
贺州市,409700,169,2410,50.03366555
来宾市,400100,166,2395.808383,49.81236293
巴中市,605100,252,2391.699605,49.74804641
娄底市,654110,273,2387.262774,49.67847061
广元市,519100,217,2381.192661,49.58307294
泸州市,751300,315,2377.531646,49.52541898
河池市,598900,251,2376.587302,49.51053298
淄博市,1093242,460,2371.457701,49.42956998
大理白族自治州,675000,285,2360.13986,49.25031401
连云港市,938269,399,2345.6725,49.01991952
常州市,1056152,452,2331.461369,48.79221844
佳木斯市,582045,249,2328.18,48.73944483
锦州市,744647,321,2312.568323,48.48734264
宝鸡市,719945,311,2307.516026,48.40539211
大庆市,571889,247,2306.004032,48.38083203
梅州市,896000,389,2297.435897,48.24135065
遵义市,1109600,482,2297.308489,48.23927263
临汾市,718948,313,2289.643312,48.11404226
宜宾市,816700,357,2281.284916,47.97700786
忻州市,611100,267,2280.223881,47.95957649
咸阳市,880154,386,2274.299742,47.86210167
淮安市,1038365,456,2272.133479,47.82639496
汕头市,993084,437,2267.315068,47.74685046
柳州市,795200,352,2252.691218,47.50439462
运城市,952992,423,2247.622642,47.41999296
乐山市,669700,297,2247.315436,47.41487128
保山市,455700,202,2244.827586,47.37336843
临沧市,401100,178,2240.782123,47.30578288
庆阳市,460091,206,2222.661836,47.00155194
阿克苏地区,402800,181,2213.186813,46.84148229
汉中市,625971,283,2204.123239,46.68772129
漳州市,913194,417,2184.674641,46.35563705
日照市,665744,304,2182.767213,46.3229088
兰州市,750212,343,2180.848837,46.28996386
荆门市,567964,260,2176.10728,46.20841098
十堰市,690603,317,2171.707547,46.13257833
延边朝鲜族自治州,484153,222,2171.089686,46.12191675
鸡西市,407188,187,2165.893617,46.03213507
九江市,1016937,469,2163.695745,45.99409373
太原市,854484,396,2152.352645,45.79714834
葫芦岛市,607820,282,2147.773852,45.71735465
那曲市,59989,27,2142.464286,45.62461274
开封市,784447,366,2137.457766,45.53695345
大同市,640994,299,2136.646667,45.52273258
克孜勒苏柯尔克孜自治州,87400,40,2131.707317,45.4360151
吉安市,859891,403,2128.443069,45.37859618
本溪市,368898,173,2120.103448,45.23149957
内江市,593000,279,2117.857143,45.19177972
江门市,946237,446,2116.861298,45.17415741
郴州市,782349,370,2108.757412,45.03044358
固原市,309978,146,2108.693878,45.02931468
仙桃市,339021,160,2105.720497,44.97644486
黑河市,356848,170,2086.830409,44.63880632
崇左市,401200,192,2078.756477,44.4935612
广安市,579100,278,2075.62724,44.43711646
安阳市,796861,383,2075.158854,44.42866047
安康市,487110,235,2064.025424,44.22709967
商洛市,404992,197,2045.414141,43.88771993
朝阳市,665916,327,2030.231707,43.60857196
延安市,423335,208,2025.526316,43.52163381
通辽市,590436,291,2022.041096,43.45710967
自贡市,580200,286,2021.602787,43.44898711
平凉市,410023,202,2019.817734,43.41588902
江津区,326842,161,2017.54321,43.37367289
亳州市,824898,408,2016.865526,43.36108558
秦皇岛市,731544,362,2015.272727,43.33148429
滨州市,854814,425,2006.605634,43.17000015
牡丹江市,597973,298,1999.909699,43.04476431
黔南布依族苗族自治州,585900,294,1986.101695,42.78518097
抚顺市,561391,282,1983.713781,42.74010654
白城市,365038,184,1973.178378,42.54058993
绵阳市,868400,440,1969.160998,42.46422931
中卫市,250012,126,1968.598425,42.45352375
芜湖市,739817,377,1957.187831,42.23572158
巴彦淖尔市,341748,174,1952.845714,42.15250695
宿迁市,926434,474,1950.387368,42.10531188
南平市,657912,337,1946.485207,42.03027636
呼和浩特市,621295,319,1941.546875,41.93510026
吕梁市,567878,294,1925.010169,41.61461859
伊犁哈萨克自治州,442300,229,1923.043478,41.57632113
德阳市,697400,363,1915.934066,41.43755195
滁州市,791430,415,1902.475962,41.17344716
枣庄市,715244,375,1902.244681,41.16889216
辽源市,252023,132,1894.909774,41.02414544
白银市,360176,190,1885.73822,40.84236445
威海市,793488,422,1875.858156,40.64554942
永川区,289651,154,1868.716129,40.50263099
濮阳市,569900,304,1868.52459,40.49879061
长治市,609139,325,1868.52454,40.4987896
晋中市,640753,343,1862.65407,40.3808947
海东市,310027,166,1856.449102,40.25587778
营口市,577954,311,1852.416667,40.17440868
乌鲁木齐市,570412,307,1851.987013,40.16571775
株洲市,655328,353,1851.20904,40.14997596
遂宁市,570300,308,1845.631068,40.03691527
平顶山市,798949,434,1836.664368,39.85445024
贵阳市,787000,428,1834.498834,39.81024994
张掖市,300126,163,1830.036585,39.71900712
楚雄彝族自治州,444000,243,1819.672131,39.50621671
酒泉市,319978,177,1797.629213,39.04960161
乌兰察布市,510981,284,1792.915789,38.95123785
眉山市,596900,332,1792.492492,38.94239149
抚州市,705592,396,1777.309824,38.62370482
宁德市,591545,332,1776.411411,38.60476183
潜江市,219958,123,1773.854839,38.55080415
浦东新区,785236,444,1764.575281,38.35429951
临夏回族自治州,299800,169,1763.529412,38.33208737
普洱市,400300,227,1755.701754,38.16542462
清远市,662000,378,1746.701847,37.97288263
阜新市,460252,264,1736.8,37.75989586
辽阳市,416549,240,1728.419087,37.57867364
宣城市,564764,326,1727.107034,37.55022335
中山市,779700,451,1725,37.50448965
蚌埠市,594343,344,1722.733333,37.45522871
伊春市,275011,159,1718.81875,37.37000123
镇江市,756374,440,1715.133787,37.28959555
日喀则市,130021,75,1710.802632,37.19486898
衢州市,579200,338,1708.554572,37.14560722
铜仁市,560300,327,1708.231707,37.13852695
宝坻区,238741,140,1693.198582,36.80736851
淮南市,636410,375,1692.579787,36.79367446
合川区,341297,201,1689.589109,36.72741951
莆田市,508246,300,1688.524917,36.70381532
晋城市,445493,264,1681.10566,36.53883897
玉溪市,413200,245,1679.674797,36.50693826
惠州市,701800,418,1674.940334,36.40119079
包头市,546752,330,1651.818731,35.88042418
双鸭山市,339771,205,1649.373786,35.82493149
焦作市,613036,373,1639.13369,35.59161623
雅安市,319000,194,1635.897436,35.51757686
北海市,329700,202,1624.137931,35.24730376
咸宁市,467577,287,1623.53125,35.23330718
吴忠市,310045,190,1623.272251,35.2273303
云浮市,475300,292,1622.1843,35.20221337
黄石市,417991,257,1620.120155,35.15451327
湖州市,718700,444,1615.05618,35.03723268
鹤岗市,272800,168,1614.201183,35.01739489
榆林市,504909,312,1613.127796,34.99247507
湘潭市,477653,296,1608.259259,34.87923846
六盘水市,480200,298,1606.020067,34.82704233
肇庆市,717300,446,1604.697987,34.79619015
马鞍山市,469353,292,1601.887372,34.73051692
张家界市,298015,186,1593.663102,34.53768386
朝阳区,567931,356,1590.843137,34.4713356
银川市,575236,361,1589.049724,34.42907891
武清区,321589,203,1576.416667,34.13005955
万州区,398721,252,1575.972332,34.11949878
儋州市,235900,149,1572.666667,34.04083751
潮州市,516400,328,1569.604863,33.96783161
吐鲁番市,120034,77,1538.897436,33.22766824
静海区,196327,128,1521.914729,32.81195719
徐汇区,287413,190,1504.780105,32.38780251
海淀区,521409,346,1502.619597,32.33397842
呼伦贝尔市,496572,330,1500.217523,32.27404541
丽水市,532500,354,1500,32.26861337
防城港市,227400,151,1496.052632,32.16990153
东营市,447258,301,1480.986755,31.79074161
綦江区,254518,171,1479.755814,31.75959262
通化市,325013,219,1477.331818,31.69817759
龙岩市,543005,369,1467.581081,31.4501087
丰都县,168732,114,1467.234783,31.44126825
石嘴山市,219984,150,1456.847682,31.17512824
安顺市,399800,274,1453.818182,31.09714863
阳江市,519900,357,1452.234637,31.05632339
盘锦市,306427,211,1445.410377,30.87987729
汕尾市,409900,283,1443.309859,30.82539931
忠县,192476,133,1436.38806,30.64531662
昌都市,89987,62,1428.365079,30.4354965
景德镇市,315947,221,1423.184685,30.29939013
哈密市,159986,112,1415.80531,30.10465181
许昌市,586711,414,1413.761446,30.0505358
韶关市,517191,368,1401.601626,29.72695139
黔西南布依族苗族自治州,443600,316,1399.369085,29.66723666
山南市,60013,42,1395.651163,29.56758018
河源市,480200,344,1391.884058,29.46633445
海口市,457700,329,1386.969697,29.33384237
深圳市,1177105,849,1384.829412,29.27599318
鄂州市,238771,172,1380.179191,29.14999506
开州区,312587,226,1377.035242,29.06456893
朔州市,290325,210,1375.947867,29.03497784
池州市,295811,214,1375.865116,29.03272495
白山市,250532,183,1361.586957,28.64196232
西双版纳傣族自治州,214000,157,1354.43038,28.44455889
虹口区,197542,145,1353.027397,28.40573756
漯河市,379934,280,1352.078292,28.37945245
河北区,200679,148,1346.838926,28.23401758
七台河市,179919,133,1342.679104,28.11814562
丽江市,239700,178,1339.106145,28.018334
兴安盟,255192,190,1336.08377,27.9336951
三门峡市,391730,293,1332.414966,27.83069611
萍乡市,390110,292,1331.433447,27.80309264
厦门市,493675,370,1330.660377,27.7813371
南开区,241382,182,1319.027322,27.45242886
潼南区,189215,143,1313.993056,27.30919248
北碚区,189624,144,1307.751724,27.13084907
奉节县,213569,163,1302.25,26.97293292
鹤壁市,289911,222,1300.049327,26.90958021
杨浦区,276391,212,1297.610329,26.83924127
云阳县,247831,190,1297.544503,26.83734107
三明市,460027,354,1295.850704,26.78841291
攀枝花市,240900,185,1295.16129,26.76847976
铜陵市,297625,230,1288.419913,26.57300442
黄山市,320666,248,1287.815261,26.55542179
滨海新区,427963,332,1285.174174,26.47852504
静安区,213857,167,1272.958333,26.12078728
三亚市,225800,177,1268.539326,25.99053228
九龙坡区,278965,220,1262.285068,25.80540426
西宁市,429408,340,1259.260997,25.71556183
黄浦区,198726,157,1257.759494,25.67087339
河东区,228651,183,1242.668478,25.21874403
大足区,231709,187,1232.494681,24.91082858
蓟州区,247105,200,1229.378109,24.81599555
酉阳土家族苗族自治县,142378,115,1227.396552,24.75557445
河西区,214769,177,1206.567416,24.11449545
涪陵区,247153,204,1205.62439,24.08520998
石柱土家族自治县,124583,103,1197.913462,23.84488631
长寿区,175773,146,1195.734694,23.77670135
鄂尔多斯市,348459,291,1193.35274,23.70201544
阿勒泰地区,114200,95,1189.583333,23.58352123
沙坪坝区,256814,215,1188.953704,23.56369177
铜川市,159949,134,1184.807407,23.43284634
阳泉市,274776,231,1184.37931,23.41931075
新余市,248122,213,1159.448598,22.62249951
大兴安岭地区,132689,114,1153.817391,22.44015108
梁平区,178426,155,1143.75641,22.11213411
荣昌区,167348,147,1130.72973,21.68311755
巴南区,241583,215,1118.439815,21.27381396
西城区,264102,236,1114.35443,21.13675847
锡林郭勒盟,197779,178,1104.910615,20.81800838
塔城地区,161800,146,1100.680272,20.67434105
长宁区,165209,150,1094.099338,20.44974457
德宏傣族景颇族自治州,188000,171,1093.023256,20.41289132
崇明区,243185,223,1085.647321,20.15930302
鹰潭市,240077,222,1076.578475,19.8451418
铜梁区,176432,163,1075.804878,19.81822072
甘孜藏族自治州,125870,117,1066.694915,19.4997322
宁河区,124582,116,1064.803419,19.43326401
红桥区,145218,136,1059.985401,19.26342193
东城区,187528,176,1059.480226,19.24556911
垫江县,159824,152,1044.601307,18.7159008
丰台区,372458,358,1037.487465,18.45998903
闵行区,342175,329,1036.893939,18.4385585
南岸区,214378,206,1035.642512,18.39333281
昌吉回族自治州,250900,243,1028.278689,18.12609861
淮北市,324306,317,1019.830189,17.81713616
怒江傈僳族自治州,87000,85,1011.627907,17.51472183
珠海市,357197,361,986.7320442,16.58159211
秀山土家族苗族自治县,117692,119,980.7666667,16.35450936
璧山区,158729,163,967.8597561,15.8584255
青浦区,211573,218,966.086758,15.78976363
屯昌县,44119,45,959.1086957,15.51830007
图木舒克市,28719,29,957.3,15.44761542
宝山区,298564,314,947.8222222,15.07502461
阿坝藏族羌族自治州,117849,124,942.792,14.87576162
津南区,139653,149,931.02,14.4052534
渝中区,132689,142,927.8951049,14.279358
彭水苗族土家族自治县,108741,117,921.5338983,14.02176461
双河市,16308,17,906,13.38518753
巫山县,118742,132,892.7969925,12.83549926
南川区,142836,161,881.7037037,12.36733188
巴音郭楞蒙古自治州,211500,242,870.3703704,11.88291827
奉贤区,198721,228,867.7772926,11.77119842
北辰区,161207,188,852.9470899,11.12577818
五指山市,29652,34,847.2,10.87264264
巫溪县,89627,105,845.5377358,10.79910694
嘉定区,231508,276,835.7689531,10.36401338
澄迈县,86861,103,835.2019231,10.33860259
松江区,206419,249,825.676,9.909113615
金昌市,91109,110,820.8018018,9.687435962
万宁市,98745,120,816.0743802,9.471174086
甘南藏族自治州,86764,106,810.8785047,9.23203407
东方市,76203,93,810.6702128,9.222415564
定安县,55920,68,810.4347826,9.211540895
黔江区,112476,141,792.084507,8.354074416
琼海市,101311,127,791.4921875,8.326067235
房山区,246892,313,786.2802548,8.07872037
克拉玛依市,109978,139,785.5571429,8.044273778
白沙黎族自治县,32107,40,783.097561,7.926870158
济源市,143906,186,769.5508021,7.273566958
乌海市,91495,118,768.8655462,7.240215466
东丽区,142896,185,768.2580645,7.210624422
门头沟区,92714,120,766.231405,7.1117345
金山区,159682,208,764.0287081,7.003958243
临高县,72538,94,763.5578947,6.980881457
五家渠市,35694,46,759.4468085,6.77877182
乐东黎族自治县,82415,109,749.2272727,6.271585439
果洛藏族自治州,23500,31,734.375,5.522027174
通州区,228197,313,726.7420382,5.130899516
拉萨市,110194,153,715.5454545,4.549678716
密云区,143209,202,705.4630542,4.01847112
林芝市,49976,70,703.8873239,3.934766819
文昌市,93876,134,695.3777778,3.479472744
城口县,52143,75,686.0921053,2.976261029
西青区,158742,233,678.3846154,2.553382243
玉树藏族自治州,44700,65,677.2727273,2.49198179
武隆区,87619,130,668.8473282,2.02341864
石景山区,121056,182,661.5081967,1.61043818
石河子市,89621,136,654.1678832,1.192789602
黄南藏族自治州,22100,57,381.0344828,1
怀柔区,87621,238,366.6150628,1
平谷区,112587,228,491.6462882,1
延庆区,98643,163,601.4817073,1
海西蒙古族藏族自治州,66900,179,371.6666667,1
海南藏族自治州,49800,82,600,1
昌江黎族自治县,38962,59,649.3666667,1
昌平区,210783,335,627.3303571,1
琼中黎族苗族自治县,27217,41,648.0238095,1
大兴区,189254,326,578.7584098,1
博尔塔拉蒙古自治州,79600,147,537.8378378,1
神农架林区,14902,42,346.5581395,1
大渡口区,91247,151,600.3092105,1
嘉峪关市,55423,105,522.8584906,1
舟山市,288100,487,590.3688525,1
北屯市,9572,28,330.0689655,1
保亭黎族苗族自治县,28541,48,582.4693878,1
铁门关市,12863,45,279.6304348,1
迪庆藏族自治州,61000,99,610,1
阿拉善盟,37702,97,384.7142857,1
陵水黎族自治县,51789,108,475.1284404,1
阿里地区,8332,33,245.0588235,1
阿拉尔市,41256,65,625.0909091,1
顺义区,195346,314,620.1460317,1
